Year,Present,Unoccupied,Total_Sensors,Occupancy_Rate
2022,0,3,3,0.0
2023,31,42,73,42.465753424657535
2024,123,142,265,46.41509433962264
2025,1347,724,2071,65.0410429744085
